Jurisdiction,ISO2,Jurisdiction_ISO3,Rank,FSI_Value,FSI_Share,Global_Scale_Weight,Secrecy_Score,KI1,KI2,KI3,KI4,KI5,KI6,KI7,KI8,KI9,KI10,KI11,KI12,KI13,KI14,KI15,KI16,KI17,KI18,KI19,KI20,KIcat1,KIcat2,KIcat3,KIcat4
United States,US,USA,1,1950.780608,0.05736020189,0.2577725649,67.425,31,100,75,100,100,100,100,100,90,75,15,0,30,100,50,20,36,100,100,26.5,81.2,93,35.83333333,65.625
Switzerland,CH,CHE,2,1167.068059,0.03431613951,0.03913950175,70.05,60,100,100,87.5,100,100,100,75,100,75,75,75,100,100,75,20,35,0,0,23.5,89.5,90,74.16666667,14.625
Singapore,SG,SGP,3,1166.696636,0.0343052183,0.05644730851,67.25,30,50,75,95,95,100,100,100,100,100,62.5,75,100,100,75,40,27,3,0,17.5,69,100,75.41666667,11.875
Hong Kong,HK,HKG,4,926.7789914,0.02725074765,0.03870046139,64.95,61,50,90,100,100,90,100,90,100,75,75,37.5,100,100,50,20,32,11,0,17.5,80.2,91,63.75,15.125
Luxembourg,LU,LUX,5,803.6652848,0.023630747,0.113171868,54.975,63,50,75,100,70,100,25,50,100,50,52.5,75,40,50,100,20,65,0,0,14,71.6,65,56.25,19.75
Japan,JP,JPN,6,764.9945098,0.02249368246,0.02812952735,63.125,21,37.5,100,100,100,100,100,100,100,100,50,37.5,80,100,50,20,44,5,0,17.5,71.7,100,56.25,16.625
Germany,DE,DEU,7,680.6561094,0.02001381996,0.05206378177,56.7,37,87.5,75,100,95,100,100,50,97.5,50,62.5,0,30,100,75,10,47,0,0,17.5,78.9,79.5,46.25,16.125
United Arab Emirates,AE,ARE,8,648.4520124,0.01906689979,0.002217549365,79.225,47,100,100,100,100,100,100,100,100,100,100,100,100,100,75,80,37,25,0,20.5,89.4,100,92.5,20.625
British Virgin Islands,VG,VGB,9,620.8089964,0.01825409235,0.005455876235,70.65,33,50,75,50,100,100,100,100,100,100,100,75,100,100,75,90,33,32,0,0,61.6,100,90,16.25
Guernsey,GG,GGY,10,610.3703584,0.01794715759,0.005185263231,70.65,37,100,50,100,100,100,100,100,100,100,100,75,100,100,50,70,18,6,0,7,77.4,100,82.5,7.75
China,CN,CHN,11,577.6803813,0.01698595074,0.007631466258,66.45,34,50,100,100,100,100,100,100,100,100,62.5,37.5,90,100,50,40,45,3,0,17,76.8,100,63.33333333,16.25
Netherlands,NL,NLD,12,555.6696807,0.01633875432,0.008726600558,64.625,57,100,75,95,100,100,100,50,85,50,40,75,100,100,75,20,44,0,0,26.5,85.4,77,68.33333333,17.625
United Kingdom,GB,GBR,13,546.9064038,0.0160810814,0.1413617283,47.175,24,50,40,100,100,50,0,50,100,75,27.5,37.5,90,100,50,20,19,0,0,10.5,62.8,55,54.16666667,7.375
Cayman Islands,KY,CYM,14,516.4397095,0.01518524732,0.002450662898,72.625,14,100,50,100,100,100,100,100,100,100,100,100,100,100,50,70,29,26,0,13.5,72.8,100,86.66666667,17.125
Cyprus,CY,CYP,15,510.0507683,0.0149973887,0.0105045056,61.525,60,50,65,100,100,100,100,50,100,50,52.5,75,90,100,50,50,31,0,0,7,75,80,69.58333333,9.5
South Korea,KR,KOR,16,498.6283338,0.01466152666,0.007078557275,63.8,37,50,100,100,100,100,100,100,100,100,75,75,70,50,50,20,34,1,0,14,77.4,100,56.66666667,12.25
Taiwan,TW,TWN,17,481.9203356,0.0141702494,0.01090008672,60.125,14,50,100,100,100,100,100,90,100,100,75,75,0,0,50,50,32,49,0,17.5,72.8,98,41.66666667,24.625
Panama,PA,PAN,18,474.4862994,0.01395166111,0.001877229894,72.725,44,100,100,100,100,100,100,100,100,100,75,75,100,100,50,50,33,7,0,20.5,88.8,100,75,15.125
Jersey,JE,JEY,19,458.5026649,0.01348168283,0.005782837048,63.45,30,75,15,50,100,100,100,100,100,100,100,37.5,100,100,50,70,26,5,0,10.5,54,100,76.25,10.375
Qatar,QA,QAT,20,412.344927,0.01212447375,0.00110971008,73.575,66,87.5,25,50,100,100,100,100,100,100,87.5,100,100,100,50,80,67,32,0,26.5,65.7,100,86.25,31.375
Italy,IT,ITA,21,393.3503778,0.01156596339,0.01354406495,54.85,34,50,90,50,100,100,50,50,100,50,52.5,75,90,100,50,20,25,0,0,10.5,64.8,70,64.58333333,8.875
Bahamas,BS,BHS,22,385.4430371,0.01133345818,0.0007205307484,75.475,50,100,75,50,100,100,100,100,100,100,100,100,100,100,75,70,34,35,0,20.5,75,100,90.83333333,22.375
Thailand,TH,THA,23,379.8670034,0.01116950206,0.001389300567,69.825,61,25,100,100,47.5,100,25,100,40,100,62.5,75,90,100,50,50,44,100,100,26.5,66.7,73,71.25,67.625
Vietnam,VN,VNM,24,375.2092141,0.01103254574,0.0003568550455,80.875,86,25,100,100,100,100,100,100,100,100,62.5,75,40,100,50,80,63,100,100,36,82.2,100,67.91666667,74.75
Saudi Arabia,SA,SAU,25,359.7925285,0.01057923787,0.001322354772,68.95,27,37.5,100,100,100,100,100,100,100,100,75,100,100,100,25,60,30,4,0,20.5,72.9,100,76.66666667,13.625
Belgium,BE,BEL,26,358.9256574,0.01055374864,0.01519563887,52.525,17,50,75,100,100,100,0,50,90,50,52.5,37.5,90,100,75,20,26,0,0,17.5,68.4,58,62.5,10.875
Ireland,IE,IRL,27,357.1747727,0.01050226611,0.03918901458,47.2,31,37.5,40,100,100,10,100,50,100,50,25,75,90,0,75,20,30,0,0,10.5,61.7,62,47.5,10.125
Canada,CA,CAN,28,348.7030101,0.0102531648,0.01769116148,51.15,21,50,100,100,100,100,100,75,100,75,25,0,70,0,25,20,35,13,0,14,74.2,90,23.33333333,15.5
Spain,ES,ESP,29,345.8857121,0.01017032577,0.006969101727,56.575,37,0,75,100,100,100,100,50,100,50,40,75,90,100,75,20,16,0,0,3.5,62.4,80,66.66666667,4.875
France,FR,FRA,30,342.9477349,0.01008393832,0.03052844852,47.875,41,25,50,100,70,50,50,50,50,50,65,37.5,100,100,50,20,35,0,0,14,57.2,50,62.08333333,12.25
Macao,MO,MAC,31,341.3164878,0.01003597359,0.002507307334,63.1,30,25,100,100,100,100,100,100,50,100,75,75,100,50,50,30,24,39,0,14,71,90,63.33333333,19.25
Israel,IL,ISR,32,335.8566494,0.00987543404,0.004178011324,59.3,44,50,100,50,95,100,100,100,100,100,52.5,37.5,90,0,50,60,25,18,0,14,67.8,100,48.33333333,14.25
Angola,AO,AGO,33,335.7266625,0.009871611942,0.0002999938733,79.45,67,25,100,50,100,100,100,100,100,100,62.5,37.5,100,100,50,70,68,100,100,59,68.4,100,70,81.75
Algeria,DZ,DZA,34,335.0847345,0.009852736872,0.0003112512641,79.075,93,25,100,50,100,100,100,100,100,100,62.5,37.5,100,100,50,60,71,100,100,32.5,73.6,100,68.33333333,75.875
Kuwait,KW,KWT,35,334.3887424,0.009832272117,0.0005241017207,74.575,87,25,100,100,100,100,100,100,100,100,100,75,100,100,25,50,73,36,0,20.5,82.4,100,75,32.375
India,IN,IND,36,318.3666873,0.009361164136,0.007330117282,54.725,47,50,0,100,100,100,100,100,50,50,52.5,37.5,70,100,25,40,47,8,0,17.5,59.4,80,54.16666667,18.125
Australia,AU,AUS,37,318.0687234,0.009352402888,0.005799827166,56.15,20,50,100,100,100,100,100,100,95,100,30,75,80,0,25,10,38,0,0,0,74,99,36.66666667,9.5
Malta,MT,MLT,38,309.3479108,0.009095978578,0.006921317428,54.55,34,75,40,100,60,10,100,50,100,50,50,75,100,75,75,50,33,0,0,14,61.8,62,70.83333333,11.75
Malaysia,MY,MYS,39,296.3490741,0.008713764456,0.001133310492,65.75,37,100,100,100,100,100,100,100,100,100,75,37.5,100,0,75,40,26,4,0,20.5,87.4,100,54.58333333,12.625
Liberia,LR,LBR,40,286.1642163,0.008414291776,0.000385991123,73.25,53,100,100,50,100,100,100,100,60,100,62.5,37.5,100,100,50,80,86,50,0,36,80.6,92,71.66666667,43
Kenya,KE,KEN,41,281.5726105,0.008279281495,0.0008543556905,66.7,83,50,0,100,100,100,100,100,100,100,75,37.5,100,0,25,70,86,75,0,32.5,66.6,100,51.25,48.375
Nigeria,NG,NGA,42,271.1505709,0.007972834788,0.0009930355009,64.775,33,50,75,50,100,100,100,100,75,100,62.5,75,100,100,25,60,56,10,0,24,61.6,95,70.41666667,22.5
Russia,RU,RUS,43,270.3759362,0.007950057647,0.002082992811,59.6,14,75,90,100,85,100,100,100,50,100,62.5,0,80,100,25,50,34,9,0,17.5,72.8,90,52.91666667,15.125
Austria,AT,AUT,44,270.1859069,0.007944470078,0.004554755054,54.625,30,37.5,75,100,80,100,50,50,100,50,65,75,40,100,75,20,31,0,0,14,64.5,70,62.5,11.25
Guatemala,GT,GTM,45,265.1857043,0.007797445534,0.0002559467102,74.75,47,50,100,100,100,100,100,100,100,100,62.5,75,100,100,50,60,33,100,0,17.5,79.4,100,74.58333333,37.625
South Africa,ZA,ZAF,46,261.0868043,0.007676922636,0.001752821379,60.05,40,37.5,100,100,100,100,100,100,100,100,25,75,50,50,25,20,57,1,0,20.5,75.5,100,40.83333333,19.625
Oman,OM,OMN,47,256.0342576,0.00752835898,0.0002681070182,73.5,80,25,90,100,100,100,100,100,100,100,87.5,100,70,100,25,80,52,40,0,20.5,79,100,77.08333333,28.125
Norway,NO,NOR,48,252.2050412,0.007415765783,0.004620791879,53.3,7,75,65,100,100,80,100,75,100,50,62.5,0,40,100,25,40,28,1,0,17.5,69.4,81,44.58333333,11.625
Bermuda,BM,BMU,49,244.6346761,0.007193168908,0.0003570246336,70.125,20,50,75,100,100,100,100,100,100,100,100,100,100,100,50,50,18,29,0,10.5,69,100,83.33333333,14.375
Sri Lanka,LK,LKA,50,241.1318587,0.007090173055,0.0001707340125,75.75,67,37.5,100,100,0,100,100,100,100,100,62.5,75,80,100,50,60,47,100,100,36,60.9,100,71.25,70.75
Marshall Islands,MH,MHL,51,236.3162798,0.006948577132,0.0002788798301,71.25,37,37.5,100,50,100,100,100,100,50,100,100,75,100,100,75,90,55,32,0,23.5,64.9,90,90,27.625
Bangladesh,BD,BGD,52,232.4274969,0.006834232459,0.0001749457588,74.625,47,50,100,50,100,100,100,100,75,100,62.5,75,90,100,25,50,38,100,100,30,69.4,95,67.08333333,67
New Zealand,NZ,NZL,53,230.3330976,0.006772649334,0.0007872405113,62.95,21,50,90,100,100,80,100,100,75,100,50,75,90,100,25,50,38,1,0,14,72.2,91,65,13.25
Liechtenstein,LI,LIE,54,217.4652419,0.00639428654,0.0001935033215,72.175,66,75,75,100,100,100,100,100,100,50,75,37.5,100,100,100,90,49,3,0,23,83.2,90,83.75,18.75
Mauritius,MU,MUS,55,216.3913171,0.006362709157,0.0002470948093,70.125,40,100,90,100,100,100,100,100,90,100,50,75,100,100,50,50,32,5,0,20.5,86,98,70.83333333,14.375
Egypt,EG,EGY,56,211.3809775,0.006215386549,0.0002939502301,68.25,67,37.5,65,100,100,100,100,100,100,100,62.5,0,30,100,25,60,38,50,100,30,73.9,100,46.25,54.5
Portugal,PT,PRT,57,200.8017232,0.005904317141,0.001300198375,56.875,44,0,75,100,100,100,100,50,70,50,25,75,80,100,75,50,33,0,0,10.5,63.8,74,67.5,10.875
Anguilla,AI,AIA,58,199.8682876,0.005876870667,0.0001007623941,75.45,51,100,100,50,100,100,100,100,100,100,100,100,100,100,50,70,39,33,0,16,80.2,100,86.66666667,22
Turkey,TR,TUR,59,199.6312276,0.005869900221,0.0006679063663,61.125,47,50,75,100,100,100,100,100,100,100,62.5,0,30,100,50,50,41,10,0,7,74.4,100,48.75,14.5
Bahrain,BH,BHR,60,191.0547232,0.005617719109,0.0002184811456,68.2,27,37.5,15,100,100,100,100,100,100,100,100,100,100,100,50,50,37,30,0,17.5,55.9,100,83.33333333,21.125
Isle of Man,IM,IMN,61,189.5339076,0.005573001476,0.0003287309082,65,17,100,50,45,95,100,100,100,100,100,87.5,37.5,100,100,50,70,29,5,0,14,61.4,100,74.16666667,12
Romania,RO,ROU,62,177.7485347,0.0052264677,0.0006123299245,59.375,46,37.5,50,100,95,100,100,50,100,50,40,75,100,100,25,40,49,23,0,7,65.7,80,63.33333333,19.75
Barbados,BB,BRB,63,176.9447427,0.005202833229,0.00008609540237,73.725,60,50,100,100,100,100,100,100,100,100,62.5,75,100,100,50,80,46,18,0,33,82,100,77.91666667,24.25
Puerto Rico,PR,PRI,64,176.4510869,0.005188317912,0.00004966119377,78.3,41,37.5,75,50,100,100,100,100,100,100,75,37.5,100,100,50,100,36,100,100,64,60.7,100,77.08333333,75
Jordan,JO,JOR,65,170.4208033,0.005011005157,0.00009608353866,71.925,61,50,40,100,85,80,100,100,100,100,62.5,75,100,100,25,70,57,100,0,33,67.2,96,72.08333333,47.5
Indonesia,ID,IDN,66,170.2406893,0.005005709136,0.0009407675243,55.8,41,25,75,50,100,100,100,100,100,100,50,37.5,90,0,50,40,38,2,0,17.5,58.2,100,44.58333333,14.375
Sweden,SE,SWE,67,168.4681514,0.004953589931,0.006813172251,44.625,14,75,40,40,100,100,50,50,100,50,52.5,0,40,100,25,20,29,0,0,7,53.8,70,39.58333333,9
St. Kitts and Nevis,KN,KNA,68,168.320987,0.004949262751,0.00004881952555,77.225,63,87.5,100,50,100,100,100,100,100,100,87.5,100,100,100,75,70,48,31,0,32.5,80.1,100,88.75,27.875
Venezuela,VE,VEN,69,168.0996761,0.004942755389,0.00009221080109,71.925,69,37.5,100,50,100,100,100,100,90,100,62.5,0,0,100,50,90,60,100,100,29.5,71.3,98,50.41666667,72.375
Ghana,GH,GHA,70,166.9741626,0.004909661107,0.001491100527,52.675,27,50,15,50,0,100,100,100,100,100,50,75,0,100,25,70,39,32,0,20.5,28.4,100,53.33333333,22.875
Uruguay,UY,URY,71,162.7363789,0.004785054512,0.0005824881955,57.975,54,25,15,100,100,100,100,100,50,100,62.5,37.5,80,100,25,60,30,0,0,20.5,58.8,90,60.83333333,12.625
Philippines,PH,PHL,72,162.3852024,0.004774728618,0.0001552875619,67.1,50,50,15,50,100,100,100,100,80,100,62.5,75,80,100,25,30,42,50,100,32.5,53,96,62.08333333,56.125
Chile,CL,CHL,73,161.135875,0.004737993747,0.0004294379905,59.775,57,37.5,90,100,100,100,100,100,100,100,50,37.5,80,50,25,20,38,0,0,10.5,76.9,100,43.75,12.125
Pakistan,PK,PAK,74,159.3986256,0.004686912158,0.0001625119767,66.35,40,50,100,50,100,100,100,100,90,100,62.5,75,70,100,50,50,46,10,0,33.5,68,98,67.91666667,22.375
Aruba,AW,ABW,75,159.3646043,0.004685911803,0.00008912129852,70.925,67,25,100,50,100,100,100,100,100,100,75,75,100,100,25,50,77,39,0,35.5,68.4,100,70.83333333,37.875
Hungary,HU,HUN,76,155.9853613,0.004586549499,0.0007976269699,55.2,67,25,100,100,85,100,100,50,100,50,52.5,0,40,100,25,50,42,0,0,17.5,75.4,80,44.58333333,14.875
Lebanon,LB,LBN,77,149.0464287,0.004382519085,0.0001689943019,64.6,63,50,40,50,100,100,100,100,50,100,62.5,100,100,100,25,50,55,29,0,17.5,60.6,90,72.91666667,25.375
Kazakhstan,KZ,KAZ,78,146.8524514,0.004318007995,0.0002054886281,62.9,77,100,90,50,100,100,100,100,100,100,87.5,0,40,0,50,50,69,21,0,23.5,83.4,100,37.91666667,28.375
Morocco,MA,MAR,79,146.4815761,0.004307102884,0.0001327194041,65.975,57,37.5,75,100,100,100,100,100,50,100,62.5,0,100,100,50,60,51,50,0,26.5,73.9,90,62.08333333,31.875
Denmark,DK,DNK,80,139.9207287,0.004114189578,0.001697742846,48.95,47,50,50,50,100,100,100,50,100,50,52.5,0,30,100,25,20,37,0,0,17.5,59.4,80,37.91666667,13.625
Cameroon,CM,CMR,81,139.8471217,0.00411202526,0.00006563623174,70.25,60,0,100,50,100,100,100,100,97.5,100,62.5,37.5,100,100,25,70,73,100,0,29.5,62,99.5,65.83333333,50.625
Mexico,MX,MEX,82,139.294339,0.004095771394,0.0008087054593,53.075,51,50,100,50,100,100,100,100,97.5,50,52.5,0,0,100,25,20,42,0,0,23.5,70.2,89.5,32.91666667,16.375
Brazil,BR,BRA,83,135.3445971,0.003979634298,0.001481191022,49.15,57,25,75,50,100,100,100,100,90,100,50,0,0,0,50,20,52,0,0,14,61.4,98,20,16.5
Dominican Republic,DO,DOM,84,125.9365505,0.003703002754,0.0001001859564,64.725,34,25,40,50,100,100,100,100,75,100,75,75,70,100,25,70,35,100,0,20.5,49.8,95,69.16666667,38.875
Ukraine,UA,UKR,85,125.4262804,0.003687998916,0.000232159975,58.875,30,25,75,50,50,100,100,75,90,100,75,0,100,50,50,50,37,100,0,20.5,46,93,54.16666667,39.375
Poland,PL,POL,86,122.2280887,0.003593960192,0.001960858935,46.05,47,0,100,100,50,100,0,50,100,50,37.5,0,80,50,50,40,49,0,0,17.5,59.4,60,42.91666667,16.625
US Virgin Islands,VI,VIR,87,119.5683745,0.003515754707,0.00003318410745,71.925,31,50,75,50,100,100,100,100,100,100,40,0,80,100,50,100,36,100,100,26.5,61.2,100,61.66666667,65.625
Finland,FI,FIN,88,118.9583779,0.003497818537,0.0006269274163,51.8,40,0,75,100,95,100,100,50,100,50,40,0,40,100,75,20,37,0,0,14,62,80,45.83333333,12.75
Seychelles,SC,SYC,89,117.5309847,0.003455847871,0.00003054752233,72.175,57,75,75,50,100,100,100,100,100,100,75,75,100,100,75,60,54,11,0,36.5,71.4,100,80.83333333,25.375
Curacao,CW,CUW,90,117.3835015,0.003451511316,0.00001900764073,76.05,50,87.5,100,95,100,100,100,100,100,100,75,75,100,100,75,70,47,20,0,26.5,86.5,100,82.5,23.375
Maldives,MV,MDV,91,117.2777519,0.003448401886,0.00002097424476,75.2,100,25,100,50,100,100,100,100,50,100,75,100,100,100,25,70,91,75,0,43,75,90,78.33333333,52.25
Czechia,CZ,CZE,92,114.22075,0.003358514666,0.0007629656466,50,27,50,75,40,12.5,100,25,50,100,50,52.5,37.5,100,100,75,50,38,0,0,17.5,40.9,65,69.16666667,13.875
Tanzania,TZ,TZA,93,113.1870101,0.003328118868,0.00004171135151,68.85,53,50,65,50,0,100,100,100,97.5,100,62.5,37.5,70,100,25,70,67,100,100,29.5,43.6,99.5,60.83333333,74.125
Namibia,NA,NAM,94,113.0745081,0.003324810894,0.00003035906229,71.3,100,37.5,100,50,0,100,100,100,100,100,87.5,37.5,100,100,50,60,80,100,0,23.5,57.5,100,72.5,50.875
Latvia,LV,LVA,95,112.7071404,0.003314008916,0.000297231978,55.275,61,25,50,100,85,50,100,50,100,50,52.5,37.5,100,100,50,40,37,0,0,17.5,64.2,70,63.33333333,13.625
Gibraltar,GI,GIB,96,109.672787,0.003224787646,0.00004997715951,66.775,24,100,50,100,80,60,100,100,100,100,65,75,100,100,50,80,28,4,0,19.5,70.8,92,78.33333333,12.875
El Salvador,SV,SLV,97,107.2572039,0.003153760522,0.0001136268693,60.5,53,37.5,90,50,100,100,100,100,100,100,62.5,75,0,0,25,50,50,100,0,17,66.1,100,35.41666667,41.75
Rwanda,RW,RWA,98,106.1209367,0.003120350045,0.00002262719863,72.125,93,25,90,50,100,100,100,100,50,100,62.5,37.5,0,100,50,60,79,100,100,45.5,71.6,90,51.66666667,81.125
Greece,GR,GRC,99,103.1976231,0.003034393757,0.0003431259247,52.825,27,0,75,50,100,100,100,50,75,50,40,75,80,100,75,20,29,0,0,10.5,50.4,75,65,9.875
Croatia,HR,HRV,100,101.9123869,0.002996603035,0.0003140439512,53.125,33,0,100,40,90,100,100,50,100,50,37.5,37.5,40,100,50,60,51,0,0,23.5,52.6,80,54.16666667,18.625
Slovakia,SK,SVK,101,101.8247421,0.00299402595,0.0003105935757,53.175,57,25,75,40,0,100,100,50,100,50,52.5,75,100,50,75,50,50,0,0,14,39.4,80,67.08333333,16
Tunisia,TN,TUN,102,100.9335887,0.002967822727,0.000108775399,59.575,34,0,15,50,100,100,100,100,65,100,87.5,37.5,100,100,25,70,41,50,0,16.5,39.8,93,70,26.875
Lithuania,LT,LTU,103,96.60369853,0.002840507861,0.0003896579728,50.95,20,50,75,50,100,100,100,50,100,50,40,37.5,90,0,50,50,39,0,0,17.5,59,80,44.58333333,14.125
Samoa,WS,WSM,104,93.33864543,0.002744503162,0.00001377020453,73.025,40,100,75,50,100,100,100,100,100,100,75,100,100,100,50,70,54,29,0,17.5,73,100,82.5,25.125
Costa Rica,CR,CRI,105,91.24616821,0.002682976553,0.000144855876,55.8,27,25,15,100,100,100,100,100,100,100,50,75,100,0,25,50,35,7,0,7,53.4,100,50,12.25
Bulgaria,BG,BGR,106,89.51959704,0.002632208942,0.0002258916502,52.775,43,25,75,100,12.5,100,25,50,100,50,52.5,100,70,100,50,50,35,14,0,3.5,51.1,65,70.41666667,13.125
Peru,PE,PER,107,89.24830652,0.002624231992,0.000179817187,54.075,44,37.5,65,50,100,100,100,100,80,100,62.5,0,0,100,25,60,32,15,0,10.5,59.3,96,41.25,14.375
Colombia,CO,COL,108,88.20307505,0.002593498302,0.0001665150776,54.325,46,25,0,100,100,100,100,100,85,100,62.5,0,30,100,25,60,39,0,0,14,54.2,97,46.25,13.25
Bolivia,BO,BOL,109,87.22255479,0.002564667361,0.000005381371466,79.25,73,50,100,50,90,100,100,100,100,100,75,37.5,100,100,50,50,74,100,100,35.5,72.6,100,68.75,77.375
Serbia,RS,SRB,110,84.20384701,0.00247590613,0.0001436820021,54.375,67,75,15,100,12.5,0,25,100,100,100,62.5,75,0,100,25,70,40,100,0,20.5,53.9,65,55.41666667,40.125
Argentina,AR,ARG,111,82.2489147,0.002418423853,0.0003339392424,49.125,66,25,0,100,100,100,100,100,95,100,25,0,0,0,25,40,77,0,0,29.5,58.2,99,15,26.625
Vanuatu,VU,VUT,112,80.60224259,0.002370005571,0.000006190404747,76,41,100,100,50,100,100,100,100,100,100,100,100,100,100,75,70,37,30,0,17,78.2,100,90.83333333,21
Botswana,BW,BWA,113,80.35322782,0.002362683611,0.00008430919843,56.8,47,37.5,0,50,0,80,100,100,100,100,62.5,75,30,100,25,60,52,100,0,17,26.9,96,58.75,42.25
Andorra,AD,AND,114,80.01288852,0.002352676371,0.0001121425885,54.95,50,0,40,50,0,100,100,100,100,100,75,75,40,50,50,80,34,25,0,30,28,100,61.66666667,22.25
Belize,BZ,BLZ,115,76.39654667,0.002246342476,0.000005867616892,75.1,73,87.5,100,50,100,100,100,100,50,100,87.5,100,100,100,50,70,69,38,0,27,82.1,90,84.58333333,33.5
Ecuador,EC,ECU,116,72.82409811,0.002141299208,0.0001336347195,52.225,76,25,0,50,50,0,25,100,65,100,50,75,100,100,25,70,78,9,0,46.5,40.2,58,70,33.375
Paraguay,PY,PRY,117,71.91511921,0.002114571849,0.00001517969031,66.225,86,37.5,0,50,100,100,100,100,80,100,62.5,37.5,70,100,25,60,83,100,0,33,54.7,96,59.16666667,54
Monaco,MC,MCO,118,66.12076617,0.001944196329,0.000004589544005,73.55,57,50,25,100,100,100,100,100,100,100,100,100,80,100,50,100,52,18,0,39,66.4,100,88.33333333,27.25
Montenegro,ME,MNE,119,61.43967844,0.001806554948,0.00002080936065,60.675,67,25,90,50,100,100,100,100,50,100,62.5,0,0,100,50,60,45,100,0,14,66.4,90,45.41666667,39.75
Turks and Caicos Islands,TC,TCA,120,59.32879551,0.001744487143,0.000002573452775,75.65,46,50,65,100,100,100,100,100,100,100,100,100,100,100,50,80,44,33,0,45,72.2,100,88.33333333,30.5
Fiji,FJ,FJI,121,57.81652453,0.001700020754,0.000004608483323,70.3,27,50,100,100,0,100,100,100,100,100,62.5,75,100,0,50,70,39,100,100,32.5,55.4,100,59.58333333,67.875
St. Vincent and the Grenadines,VC,VCT,122,52.66315855,0.001548492637,0.000005742829217,66.5,80,50,100,50,0,100,100,100,50,100,75,75,100,100,75,70,59,30,0,16,56,90,82.5,26.25
Albania,AL,ALB,123,46.90091904,0.001379061374,0.00002452240733,54.45,47,25,75,50,50,100,100,100,55,100,62.5,0,40,100,50,50,42,19,0,23.5,49.4,91,50.41666667,21.125
North Macedonia,MK,MKD,124,46.8750516,0.001378300775,0.000007663964425,61.95,46,75,50,40,80,60,100,100,100,100,62.5,75,40,50,25,50,65,100,0,20.5,58.2,92,50.41666667,46.375
Estonia,EE,EST,125,46.85132483,0.00137760312,0.0001597221708,44.2,37,50,40,45,35,10,50,50,100,50,65,75,100,25,50,50,38,0,0,14,41.4,52,60.83333333,13
Iceland,IS,ISL,126,45.84866172,0.001348121097,0.0002153181995,42.45,33,75,40,50,70,50,25,100,75,50,75,37.5,40,0,25,50,31,5,0,17.5,53.6,60,37.91666667,13.375
Antigua and Barbuda,AG,ATG,127,44.72637693,0.001315121752,0.0000009430698924,76.975,61,100,75,100,100,100,100,100,100,100,87.5,100,100,100,75,70,39,15,0,17,87.2,100,88.75,17.75
Dominica,DM,DMA,128,43.8971151,0.001290738372,0.000003986378942,65.175,80,50,100,50,0,100,100,100,50,100,62.5,100,70,100,50,70,74,30,0,17,56,90,75.41666667,30.25
Kosovo,XK,KSV,129,40.86344527,0.001201537201,0.000001949988018,68.9,40,25,100,50,100,100,100,100,100,100,62.5,37.5,50,50,50,90,59,100,0,64,63,100,56.66666667,55.75
Trinidad and Tobago,TT,TTO,130,39.13458483,0.001150702277,0.000001701663791,68.95,40,50,75,100,0,100,100,100,75,100,62.5,37.5,70,100,50,60,30,100,100,29,53,95,63.33333333,64.75
Cook Islands,CK,COK,131,38.9829277,0.001146242994,0.000001516091629,69.75,51,87.5,100,50,100,100,100,100,100,100,100,37.5,70,100,50,90,37,8,0,14,77.7,100,74.58333333,14.75
Grenada,GD,GRD,132,35.81280877,0.001053029712,0.000001959505198,65.9,77,50,100,50,0,100,100,100,100,100,75,75,100,100,25,70,71,18,0,7,55.4,100,74.16666667,24
St. Lucia,LC,LCA,133,32.5936702,0.0009583750709,0.0000006474583643,72.225,63,50,100,50,100,100,100,100,100,100,75,75,100,100,50,70,69,13,0,29.5,72.6,100,78.33333333,27.875
Guam,GU,GUM,134,31.88710366,0.0009375993878,0.0000007731206892,70.3,41,50,75,50,100,100,100,100,100,100,75,0,0,100,25,90,36,100,100,64,63.2,100,48.33333333,75
American Samoa,AS,ASM,135,30.06335608,0.0008839744294,0.0000007370776984,69.3,41,50,75,50,0,100,100,100,100,100,75,0,80,100,25,90,36,100,100,64,43.2,100,61.66666667,75
Brunei,BN,BRN,136,28.33674244,0.0008332055695,0.0000003724894668,73.3,73,50,90,50,100,100,100,100,100,100,87.5,75,100,100,50,60,72,35,0,23.5,72.6,100,78.75,32.625
Slovenia,SI,SVN,137,24.61603384,0.0007238029052,0.0001515399199,35.875,40,0,40,40,12.5,50,0,50,100,50,52.5,0,40,100,50,40,35,0,0,17.5,26.5,50,47.08333333,13.125
Gambia,GM,GMB,138,20.94450837,0.0006158464073,0.0000001614570238,72.725,73,100,100,50,100,100,100,100,50,100,62.5,0,0,100,25,80,69,100,100,45,84.6,90,44.58333333,78.5
Nauru,NR,NRU,139,13.28180067,0.0003905343148,0.0000002673851611,59.075,60,50,0,50,0,100,100,100,50,100,75,75,100,100,25,90,57,26,0,23.5,32,90,77.5,26.625
San Marino,SM,SMR,140,11.85368029,0.0003485422667,0.0000001568426455,60.35,40,50,40,50,0,100,100,100,100,100,75,75,90,100,50,90,28,3,0,16,36,100,80,11.75
Montserrat,MS,MSR,141,5.008785515,0.0001472769143,0.000000001946879546,73.75,73,50,100,50,100,100,100,100,50,100,100,100,100,100,50,70,47,30,0,55,74.6,90,86.66666667,33